"用例编号","所属产品","所属模块","相关需求","用例标题","前置条件","步骤","预期","实际情况","关键词","优先级","用例类型","适用阶段","用例状态","B","R","S","结果","由谁创建","创建日期","最后修改者","修改日期","用例版本","相关用例"
"10825","然之(#11)","现金记账(#194)","","有记账设置权限的借贷信息编辑验证","已登录，进入现金记账借贷界面，有借贷信息交易时间为2018-11-30，账号为公司，交易为借贷，金额为￥222	，经手人为admin，状态为未还贷，记账日期为2018-11-30	，借贷信息里没有添加商户，在现金设置设置页面的权限设置选择必须选择商户","1. 点击编辑，点击保存
2. 点击编辑，修改金额为空，点击保存
3. 点击编辑，修改经手人为空，点击保存
4. 点击编辑，修改交易时间，点击保存
","1. 跳转到编辑页面，提示商户不能为空
2. 跳转到编辑页面，提示金额不能为空
3. 跳转到编辑页面，提示经手人不能为空
4. 跳转到编辑页面，提示保存成功
","","","3","功能测试","","正常","0","1","4","通过","杨凯静","2018-12-04","杨凯静","2018-12-06","1","",""
"10358","然之(#11)","现金记账(#194)","","交易信息的地标功能切换","已登录，处于现金记账页面，现金记账五种记账方式都存有信息","1. 点击菜单栏中收入、支出、转账、投资、借贷任意一个，点击查看，点击明细，点击保存，点击编辑，点击保存
2. 点击菜单栏中收入、支出、转账、投资、借贷任意一个，点击查看，点击返回
3. 点击菜单栏中收入、支出、转账、投资、借贷任意一个，点击查看，点击编辑，点击保存
","1. 跳转到对应界面，跳转到详情页面，出现明细编辑框，提示保存成功，返回详情页面，跳转到编辑页面，提示保存成功，跳转回对应菜单页面
2. 跳转到对应界面，跳转到详情页面，返回菜单信息页面
3. 跳转到对应界面，跳转到详情页面，出现信息的编辑框，提示保存成功，返回详情页面，跳转到编辑页面，提示保存成功，返回对应菜单页面
","","","3","功能测试","","正常","1","2","3","通过","杨凯静","2018-12-01","杨凯静","2018-12-04","3","",""
"10357","然之(#11)","现金记账(#194)","","编辑中进行其他操作功能验证","已登录，处于现金记账页面，现金记账五种记账方式都存有信息","1. 点击菜单栏中收入、支出、转账、投资、借贷任意一个
2. 点击其中任意一个信息的编辑
3. 点击首页
4. 点击菜单栏对应的菜单模块选择
","1. 跳转到对应界面
2. 出现信息编辑框
3. 跳转到首页页面
4. 跳转回菜单栏的对应界面，编辑的信息没有发生变化
","","","3","功能测试","","正常","0","2","4","通过","杨凯静","2018-12-01","杨凯静","2018-12-04","2","",""
"10356","然之(#11)","现金记账(#194)","","错别字查看","已登录，进入现金记账页面","1. 点击各个页面查看功能选项是否有错别字
","1. 没有错别字
","","","3","功能测试","","正常","0","1","1","通过","杨凯静","2018-12-01","","0000-00-00","1","",""
"10355","然之(#11)","现金记账(#194)","","反复编辑功能验证","已登录，处于现金记账页面，现金记账五种记账方式都存有信息","1. 点击菜单栏中收入、支出、转账、投资、借贷任意一个
2. 点击其中任意一个信息的编辑并保存
3. 进行10次
","1. 跳转到对应页面
2. 提示保存成功
3. 提示保存成功
","","","3","功能测试","","正常","1","2","3","通过","杨凯静","2018-12-01","杨凯静","2018-12-04","2","",""
"10354","然之(#11)","现金记账(#194)","","连续点击现金记账验证","已登录","1. 点击现金记账5次
","1. 反映正常
","","","3","功能测试","","正常","0","1","1","通过","杨凯静","2018-12-01","","0000-00-00","1","",""
"10353","然之(#11)","现金记账(#194)","","遍历现金记账菜单栏选项","已登录，进入现金记账模块","1. 依次点击上方菜单栏中的功能选项首页、所有、收入、支出、转账、投资、借贷、报表、账户、供应商、设置
","1. 功能选项间切换没有问题
","","","3","功能测试","","正常","0","1","1","阻塞","杨凯静","2018-12-01","杨凯静","2018-12-06","4","",""
"10352","然之(#11)","现金记账(#194)","","记账设置与收入支出关联测试","已登录，记账设置没有勾选必须选择产品，收入和支出页面分别存在收入、支出信息","1. 点击现金记账的设置
2. 点击记账设置
3. 勾选必须选择产品
4. 点击保存
5. 点击收入或支出
6. 点击任意一条收入或支出信息的编辑
","1. 跳转到设置页面
2. 跳转到记账设置页面
3. 
4. 提示保存成功
5. 
6. 跳转到编辑页面，产品变为必选项
","","","3","功能测试","","正常","0","2","6","通过","杨凯静","2018-12-01","杨凯静","2018-12-06","3","",""
"10351","然之(#11)","现金记账(#194)","","区块与供应商关联测试","已登录，首页存在供应商区块","1. 点击供应商
2. 点击任意一条供应商信息删除
3. 确定删除
4. 点击首页
","1. 跳转到供应商页面
2. 提示是否确定删除
3. 供应商信息删除成功
4. 首页对应供应商区块内容减少
","1. 
2. 
3. 
4. 
","","3","功能测试","","正常","1","1","4","失败","杨凯静","2018-12-01","杨凯静","2018-12-04","2","",""
"10350","然之(#11)","现金记账(#194)","","返回桌面跳转验证","已登录，在除我的地盘页面以外任意的功能页面上","1. 点击桌面
","1. 返回到我的地盘页面
","","","3","功能测试","","正常","0","1","1","通过","杨凯静","2018-12-01","杨凯静","2018-12-04","1","",""
"10349","然之(#11)","现金记账(#194)","","签退功能验证","已登录","1. 点击右下角的签退
","1. 退出登录，返回登录页面
","","","3","功能测试","","正常","0","1","1","通过","杨凯静","2018-12-01","","0000-00-00","1","",""
"10348","然之(#11)","现金记账(#194)","","考勤状态跳转功能验证","已登录，右下角出现考勤状态框","1. 点击考勤状态框，标有下划线的字
","1. 跳转到考勤界面
","","","3","功能测试","","正常","0","2","1","通过","杨凯静","2018-12-01","","0000-00-00","1","",""
"10347","然之(#11)","现金记账(#194)","","同名区块添加验证","已登录，进入现金记账首页页面，存在区块类型为账目，名称为账目","1. 点击添加区块
2. 选择与已添加区块的同种类型账目
3. 选择与任意一个已添加区块相同名字账目
4. 点击保存
","1. 出现选择添加区块操作框
2. 出现区块信息设置
3. 
4. 提示保存成功，返回首页页面，出现添加区块账目
","","","3","功能测试","","正常","0","1","4","通过","杨凯静","2018-12-01","杨凯静","2018-12-06","2","",""
"10346","然之(#11)","现金记账(#194)","","首页区块的更多功能验证","已登录，进入现金记账首页页面，存在区块","1. 点击任意区块右边的更多
","1. 跳转到对应区块信息的页面
","","","3","功能测试","","正常","0","2","1","通过","杨凯静","2018-12-01","杨凯静","2018-12-06","1","",""
"10345","然之(#11)","现金记账(#194)","","首页区块的刷新功能验证","已登录，进入现金记账首页页面，存在区块","1. 点击任意区块右边的刷新标志
","1. 信息进行刷新
","","","3","功能测试","","正常","0","2","1","通过","杨凯静","2018-12-01","","0000-00-00","1","",""
"10344","然之(#11)","现金记账(#194)","","首页区块的删除功能验证","已登录，进入现金记账首页页面，存在区块","1. 点击任意区块右边的倒三角标志
2. 点击删除
3. 确认删除
","1. 出现下拉菜单
2. 出现是否确认删除操作框
3. 成功删除区块
","","","3","功能测试","","正常","0","2","3","通过","杨凯静","2018-12-01","","0000-00-00","1","",""
"10343","然之(#11)","现金记账(#194)","","首页区块的编辑功能验证","已登录，进入现金记账首页页面，存在区块类型为账目，名字为账目","1. 点击区块右边的倒三角标志
2. 点击编辑
3. 对区块的名称修改为账目一
4. 点击保存
","1. 出现下拉菜单
2. 出现编辑操作框
3. 
4. 提示保存成功，返回首页页面，区块名称发生变化
","","","3","功能测试","","正常","0","1","4","通过","杨凯静","2018-12-01","杨凯静","2018-12-06","2","",""
"10342","然之(#11)","现金记账(#194)","","首页多次添加区块功能验证","已登录，进入现金记账首页页面","1. 点击添加区块
2. 选择付款账号、账目、收支概况，供应商、报表任意一项
3. 点击保存
4. 重复上述三个步骤十次
","1. 出现选择添加区块操作框
2. 出现区块信息设置
3. 提示保存成功，返回首页页面，出现添加区块
4. 所添加区块全部成功
","","","3","功能测试","","正常","0","1","4","通过","杨凯静","2018-12-01","杨凯静","2018-12-09","2","",""
"10341","然之(#11)","现金记账(#194)","","首页添加区块功能验证","已登录，进入现金记账首页页面","1. 点击添加区块，选择付款账号、账目、收支概况，供应商、报表任意一项，点击保存
2. 点击添加区块，选择区块为空
","1. 出现选择添加区块操作框，出现区块信息设置，提示保存成功，返回首页页面，出现添加区块
2. 出现选择添加区块操作框，区块显示为空，没有任何变化不能继续设置添加
","1. 
2. 
","","3","功能测试","","正常","1","1","2","失败","杨凯静","2018-12-01","杨凯静","2018-12-09","3","",""
"10340","然之(#11)","现金记账(#194)","","供应商信息删除功能验证","已登录，进入现金记账供应商页面，存在供应商信息，","1. 点击任意一个供应商信息右边的删除
2. 确认删除
","1. 出现是否确认删除操作框
2. 信息删除
","","","3","功能测试","","正常","0","1","2","通过","杨凯静","2018-12-01","杨凯静","2018-12-09","2","",""
"10339","然之(#11)","现金记账(#194)","","供应商信息编辑功能验证","已登录，进入现金记账供应商页面，存在供应商信息编号为7，名称为olm1，添加时间为2018-12-01","1. 点击供应商信息的编辑，修改供应商名称为olm，点击保存
2. 点击任意一个供应商信息的编辑，修改供应商名称为空，点击保存
","1. 跳转到编辑供应商页面，提示保存成功，跳转到供应商详情页面,名称变为olm
2. 跳转到编辑供应商页面，提示名称不能为空
","","","3","功能测试","","正常","0","1","2","通过","杨凯静","2018-12-01","杨凯静","2018-12-08","2","",""
"10338","然之(#11)","现金记账(#194)","","供应商联系人设置删除功能验证","已登录，进入现金记账供应商页面任意供应商的联系人操作框，现金记账供应商页面存在供应商信息编号为7，名称为olm，并且供应商信息内存在多个联系人222、333","1. 点击任意一个联系人右边的删除
2. 确认删除
","1. 出现是否确认删除操作框
2. 信息删除
","","","3","功能测试","","正常","0","1","2","通过","杨凯静","2018-12-01","杨凯静","2018-12-09","2","",""
"10337","然之(#11)","现金记账(#194)","","供应商联系人设置新建功能验证","已登录，进入现金记账供应商页面任意供应商的联系人操作框，存在供应商信息，供应商信息存在联系人222","1. 点击新建，不勾选选择已有联系人，输入联系人名称111，性别男，邮箱123456@qq.com,手机12311111111,电话88011111,QQ12456，点击保存
2. 点击新建，勾选选择已有联系人，选择联系人222，性别男，邮箱123456@qq.com,手机12311111111,电话88011111,QQ12456，点击保存
3. 点击新建，勾选选择已有联系人，输入联系人名称111，性别男，邮箱123456@qq.com,手机12311111111,电话8801,QQ12456，点击保存
4. 点击新建，勾选选择已有联系人，输入联系人名称111，性别男，邮箱123456,手机12311111111,电话88011111,QQ12456，点击保存
5. 点击新建，不勾选选择已有联系人,不输入联系人信息，点击保存
","1. 出现联系人添加操作框，显示联系人信息，提示保存成功，返回联系人编辑操作框，显示添加联系人信息
2. 出现联系人添加操作框，显示联系人信息，提示保存成功，返回联系人编辑操作框，显示添加联系人信息
3. 出现联系人添加操作框，显示联系人信息，提示电话长度应当不超过20，且不小于7
4. 出现联系人添加操作框，显示联系人信息，提示邮箱地址不规范
5. 提示真实姓名不能为空
","","","3","功能测试","","正常","0","3","5","通过","杨凯静","2018-12-01","杨凯静","2018-12-08","4","",""
"10336","然之(#11)","现金记账(#194)","","供应商联系人编辑功能验证","已登录，进入现金记账供应商页面，供应商olm存在联系人信息真实名称为000的信息，邮箱电话QQ为空","1. 点击供应商名称为olm的右边的联系人，点击联系人000的编辑，修改真实姓名为0000，点击保存
2. 点击供应商名称为olm的右边的联系人，点击联系人000意编辑，修改基本信息里的所属客户为客户下拉框的任意一个，点击保存
3. 点击供应商名称为olm的右边的联系人，点击联系人000编辑，修改基本信息里的真实姓名或者所属客户为空，点击保存
4. 点击供应商名称为olm的右边的联系人，点击联系人000编辑，修改基本信息里的电话为123，点击保存
","1. 出现编辑联系人操作框，提示保存成功，返回联系人设置框
2. 出现编辑联系人操作框，提示保存成功，返回联系人设置框
3. 出现编辑联系人操作框，提示真实姓名或所属客户不能为空
4. 出现编辑联系人操作框，提示电话长度应当不超过20，且不小于7
","","","3","功能测试","","正常","0","2","4","通过","杨凯静","2018-12-01","杨凯静","2018-12-09","4","",""
"10335","然之(#11)","现金记账(#194)","","供应商联系人设置跳转功能验证","已登录，进入现金记账供应商页面，存在供应商信息","1. 点击任意供应商信息右侧的联系人
","1. 出现编辑联系人操作框
","","","3","功能测试","","正常","0","1","1","通过","杨凯静","2018-12-01","","0000-00-00","1","",""
"10334","然之(#11)","现金记账(#194)","","供应商沟通信息添加","已登录，进入现金记账供应商页面，存在供应商信息名称为olm,其余信息为空，存在联系人222，不存在联系人刘鑫","1. 点击olm供应商信息右边的沟通，不勾选新建，选择联系人222，输入沟通内容初步成果，点击保存
2. 点击olm供应商信息右边的沟通，勾选新建，输入联系人刘鑫和沟通内容第一阶段详谈失败，点击保存
3. 点击olm供应商信息右边的沟通，不勾选新建，不选择联系人，输入沟通内容11111111，点击保存
4. 点击olm供应商信息右边的沟通，输入联系人，不输入沟通内容，点击保存
5. 点击olm供应商信息右边的沟通，不勾选新建，选择联系人222，输入沟通内容初步成果，点击附件的选择文件，选择一个不超过32M的文件，点击保存
6. 点击olm供应商信息右边的沟通，不勾选新建，选择联系人222，输入沟通内容初步成果，点击附件的选择文件，选择一个超过32M的文件，点击保存
","1. 出现沟通信息添加操作框，提示保存成功，返回供应商页面
2. 出现沟通信息添加操作框，提示保存成功，返回供应商页面
3. 出现沟通信息添加操作框，提示联系人不能为空
4. 出现沟通信息添加操作框，提示保存沟通内容不能为空
5. 出现沟通信息添加操作框，出现选择附件窗口，提示保存成功，返回供应商页面
6. 出现沟通信息添加操作框，出现选择附件窗口，提示文件大小已经超过限制，不能成功上传！
","","","3","功能测试","","正常","0","2","6","通过","杨凯静","2018-12-01","杨凯静","2018-12-08","2","",""
"10333","然之(#11)","现金记账(#194)","","供应商信息添加功能验证","已登录，进入现金记账供应商页面","1. 点击添加供应商，输入联系人王猛，点击保存
2. .点击添加供应商，不输入联系人，点击保存
","1. 跳转到供应商信息添加页面，提示保存成功，返回供应商页面，出现添加信息
2. 跳转到供应商信息添加页面，提示联系人不能为空
","","","3","功能测试","","正常","0","3","2","通过","杨凯静","2018-12-01","杨凯静","2018-12-08","3","",""
"10332","然之(#11)","现金记账(#194)","","供应商列表类名添加验证","已登录，进入现金记账供应商页面类目添加页面","1. 点击类目输入框，输入类目名称ssss，点击保存
2. 点击类目输入框，输入类目名称#，点击保存
3. 点击类目输入框，输入类目名称123，点击保存
4. 点击类目输入框，输入类目名称，重复十次，点击保存
","1. 提示保存成功，出现类目层次显示框，出现添加类目名称
2. 提示保存成功，出现类目层次显示框，出现添加类目名称
3. 提示保存成功，出现类目层次显示框，出现添加类目名称
4. 提示保存成功，出现类目层次显示框，出现添加类目名称
","","","3","功能测试","","正常","0","1","4","通过","杨凯静","2018-12-01","杨凯静","2018-12-08","2","",""
"10331","然之(#11)","现金记账(#194)","","供应商列表类名功能跳转验证","已登录，进入现金记账供应商页面","1. 点击维护类目
","1. 跳转到类目添加页面
","","","3","功能测试","","正常","0","1","1","通过","杨凯静","2018-12-01","","0000-00-00","1","",""
"10330","然之(#11)","现金记账(#194)","","搜索功能保存搜索信息的查询验证","已登录，进入现金记账页面，进入所有、收入、支出、转账、投资、借贷、供应商任意界面的搜索设置框，存在多年账户信息及收入支出等变动信息，存在保存过的搜索信息","1. 点击我的查询
2. 选择任意搜索信息名称
","1. 出现搜索信息名称选择
2. 出现选择的查询结果
","1. 
2. 
","","3","功能测试","","正常","1","1","2","失败","杨凯静","2018-12-01","杨凯静","2018-12-08","3","",""
"10329","然之(#11)","现金记账(#194)","","搜索功能保存搜索信息删除验证","已登录，进入现金记账页面，进入所有、收入、支出、转账、投资、借贷、供应商任意界面的搜索设置框，存在多年账户信息及收入支出等变动信息，存在保存过得搜索信息","1. 点击我的查询
2. 选择任意一个查询名称
3. 点击我的查询旁边的×
","1. 出现我的查询下拉菜单
2. 出现查询名称
3. 我的查询对应信息删除成功
","1. 
2. 
3. 
","","3","功能测试","","正常","1","1","3","失败","杨凯静","2018-12-01","杨凯静","2018-12-08","3","",""
"10328","然之(#11)","现金记账(#194)","","搜索功能保存验证","已登录，进入现金记账页面，进入所有、收入、支出、转账、投资、借贷、供应商任意界面的搜索设置框，存在多年账户信息及收入支出等变动信息","1. 设置搜索条件账号=123， 点击保存，设置保存名称123，点击我的查询
2. 设置搜索条件账号=122， 点击保存，不设置保存名称
","1. 显示搜索条件，出现查询条件设置框，我的查询中出现保存查询条件名123
2. 显示搜索条件，出现查询条件设置框，我的查询中没有出现保存查询条件名
","","","3","功能测试","","正常","0","1","2","通过","杨凯静","2018-12-01","杨凯静","2018-12-08","2","",""
"10327","然之(#11)","现金记账(#194)","","搜索功能重置验证","已登录，进入现金记账页面，进入所有、收入、支出、转账、投资、借贷、供应商任意界面的搜索设置框，存在多年账户信息及收入支出等变动信息","1. 设置搜索条件账号=123
2. 点击重置
","1. 显示搜索条件
2. 设置条件消失
","","","3","功能测试","","正常","0","1","2","通过","杨凯静","2018-12-01","杨凯静","2018-12-08","2","",""
"10326","然之(#11)","现金记账(#194)","","搜索功能验证","已登录，进入现金记账页面，存在多年账户信息及收入支出等变动信息","1. 点击所有、收入、支出、投资、借贷、转账任意一个记账设置
2. 点击搜索
3. 设置搜索条件账号=123
4. 点击搜索
","1. 跳转到对应的页面
2. 出现搜索条件设置框
3. 显示设置的条件账号=123
4. 出现搜索结果
","","","3","功能测试","","正常","0","1","4","通过","杨凯静","2018-12-01","杨凯静","2018-12-08","2","",""
"10325","然之(#11)","现金记账(#194)","","搜索的时间选择功能验证","已登录，进入现金记账页面，存在多年账户信息及收入支出等变动信息","1. 点击所有、收入、支出、投资、借贷、转账任意一个记账设置
2. 选择年份2018
3. 选择月份十一月
","1. 跳转到对应的页面
2. 显示选择年份2018
3. 显示对应月份十一月，出现在查找时间内的账号信息
","","","3","功能测试","","正常","0","1","3","阻塞","杨凯静","2018-12-01","杨凯静","2018-12-08","3","",""
"10324","然之(#11)","现金记账(#194)","","报表单位设置","已登录，进入现金记账报表页面，存在多年账户信息及收入支出等变动信息，报表单位为元","1. 点击报表单位
2. 选择报表单位千元
3. 点击保存
4. 点击任意一种报表
","1. 出现报表单位选择框
2. 显示选择单位千元
3. 提示保存成功
4. 报表单位改变为千元
","","","3","功能测试","","正常","0","1","4","通过","杨凯静","2018-12-01","杨凯静","2018-12-08","2","",""
"10323","然之(#11)","现金记账(#194)","","账号盈亏表生成功能验证","已登录，进入现金记账报表页面，存在多年账户信息及收入支出等变动信息","1. 点击账号盈亏表,选择年份2018,修改报表名字为2018账号盈亏表,选择报表文件格式xls,点击导出
2. 点击账号盈亏表,选择年份2018,修改报表名字为空,选择报表文件格式xls,点击导出
","1. 弹出年度盈亏表操作框,显示选择年份2018,显示报表名称账号盈亏表,显示报表文件格式xls,导出文件2018账号盈亏表
2. 弹出年度盈亏表操作框,显示选择年份2018,显示报表名称为空,显示报表文件格式xls,导出文件账号盈亏表
","","","3","功能测试","","正常","0","1","2","通过","杨凯静","2018-12-01","杨凯静","2018-12-08","3","",""
"10322","然之(#11)","现金记账(#194)","","年度对比表生成功能验证","已登录，进入现金记账报表页面，存在2018年和2017年的账户信息及收入支出等变动信息","1. 点击年度对比表
2. 选择对应的几个年份2018、2017
3. 选择货币类型人民币
4. 选择货币单位千元
5. 点击生成报表
","1. 跳转到年度报表对比页面
2. 对应年份2017、2018已经勾选
3. 显示选择的货币类型人民币
4. 现实选择的货币单位千元
5. 生成年度对比表
","","","3","功能测试","","正常","0","1","5","通过","杨凯静","2018-12-01","杨凯静","2018-12-08","2","",""
"10321","然之(#11)","现金记账(#194)","","年度收支表功能验证","已登录，进入现金记账页面，存在2018年的账户信息以及账户的收入支出信息，不存在2015年的账户信息以及账户的收入支出信息","1. 点击报表，选择有交易信息的左侧年份2018，选择货币类型人民币，选择货币单位千元
2. 点击报表，选择没有交易信息的左侧年份2015，选择货币类型，选择货币单位
","1. 出现报表页面，出现在查询时间内的报表信息
2. 出现报表页面，没有出现在查询时间内的报表信息
","1. 
2. 
","","3","功能测试","","正常","1","1","2","失败","杨凯静","2018-12-01","杨凯静","2018-12-08","3","",""
"10320","然之(#11)","现金记账(#194)","","对账页面明细功能验证","已登录，已经在现金记账对账页面对所有账号进行对账操作","1. 点击任意对账账号明细
","1. 出现对应账号的交易信息
","","","3","功能测试","","正常","0","1","1","通过","杨凯静","2018-12-01","","0000-00-00","1","",""
"10319","然之(#11)","现金记账(#194)","","对账页面余额登记功能验证","已登录，已经在现金记账对账页面对所有账号进行对账操作，其中有对账成功和不符的账号信息","1. 点击对账成功账号的登记余额，点击菜单栏上的账户
2. 点击对账不成功账号的登记余额，点击菜单栏上账户
","1. 提示保存成功，对账页面的账户对账结果变为对账成功，账户页面账户的登记余额和计算余额改变
2. 提示保存成功，对账页面的账户对账结果变为对账成功，账户页面账户的登记余额和计算余额改变
","1. 
2. 
","","3","功能测试","","正常","1","1","2","失败","杨凯静","2018-12-01","杨凯静","2018-12-04","2","",""
"10318","然之(#11)","现金记账(#194)","","对账功能结果不正确验证","已登录，进入现金记账对账页面，账户列表里有账号，账号上有多条登记余额，且收入支出中没有相对应余额的收入支出信息，日期在2018-11-27到2018-12-03","1. 选择账号
2. 选择账号的开始日期和截止日期2018-11-27到2018-12-03
3. 点击对账
","1. 
2. 
3. 出现对应账号的对账信息，信息中计算余额与实际余额不相等，结果显示超出或者低于实际余额和差值
","","","3","功能测试","","正常","0","2","3","通过","杨凯静","2018-12-01","杨凯静","2018-12-08","3","",""
"10317","然之(#11)","现金记账(#194)","","对账功能结果正确验证","已登录，进入现金记账对账页面，账户列表里有账号，账号上有多条登记余额，且收入支出中有相对应余额的收入支出信息，日期在2018-11-27到2018-12-03","1. 选择账号
2. 选择账号的开始日期和截止日期日期在2018-11-27到2018-12-03
3. 点击对账
","1. 
2. 
3. 出现对应账号的对账信息，信息中计算余额与实际余额相等，结果显示对账成功
","","","3","功能测试","","正常","0","1","3","通过","杨凯静","2018-12-01","杨凯静","2018-12-08","2","",""
"10306","然之(#11)","现金记账(#194)","","没有记账设置权限的借贷信息编辑验证","已登录，进入现金记账借贷界面，有借贷信息交易时间为2018-11-30，账号为公司，交易为借贷，金额为￥222	，经手人为admin，状态为未还贷，没有设置记账设置权限","1. 点击编辑，点击保存
2. 点击编辑，修改金额为空，点击保存
3. 点击编辑，修改金额为aaa，点击保存
4. 点击编辑，修改经手人为空，点击保存
5. 点击编辑，修改交易时间为2018-11-28，点击保存
6. 点击编辑，修改截止日期为2018-11-20，点击保存
7. 点击编辑，修改交易时间为aaa，点击保存，点击交易时间输入框
8. 点击编辑，点击上传文件的选择文件，选择超过32M的文件，点击确定
","1. 跳转到编辑页面，提示保存成功，返回借贷界面
2. 跳转到编辑页面，提示金额不能为空
3. 跳转到编辑页面，提示保存成功，返回借贷界面，金额显示为0
4. 跳转到编辑页面，提示经手人不能为空
5. 跳转到编辑页面，提示保存成功，返回借贷界面
6. 跳转到编辑页面，提示保存成功，返回借贷界面,，显示截至日期为2018-11-20
7. 跳转到编辑页面,出现选择日期框，选择日期框消失，提示截止日期应当为合法的日期。
8. 跳转到编辑页面，出现选择文件窗口，提示文件大小已经超过限制，不能成功上传，文件没有上传
","","","3","功能测试","","正常","0","1","8","通过","杨凯静","2018-11-30","杨凯静","2018-12-08","4","",""
"10305","然之(#11)","现金记账(#194)","","借贷信息添加","已登录，进入现金记账借贷界面，有账号信息123、456,经手人有admin","1. 点击借贷，选择账号123，添加金额111，选择经手人admin与日期2018-11-18，点击保存
2. 点击借贷，选择账号为空，添加金额111，选择经手人admin与日期2018-11-18，点击保存
3. 点击借贷，选择账号456，不添加金额，选择经手人admin与日期2018-11-18，点击保存
4. 点击借贷，选择账号456，添加金额aaa，选择经手人admin与日期2018-11-18，点击保存
5. 点击借贷，选择账号456，添加金额安安，选择经手人admin与日期2018-11-18，点击保存
6. 点击借贷，选择账号456，添加金额#，选择经手人admin与日期2018-11-18，点击保存
7. 点击借贷，选择账号456，添加金额111，不选择经手人，选择日期2018-11-18，点击保存
8. 点击借贷，选择账号123，添加金额111，选择经手人admin与输入日期aaa，点击保存，点击交易时间输入框
","1. 跳转到借贷信息添加界面，提示保存成功，返回到借贷界面，显示出添加信息
2. 跳转到借贷信息添加界面，提示账号不能为空
3. 跳转到借贷信息添加界面，提示金额不能为空
4. 跳转到借贷信息添加界面，提示保存成功，返回借贷页面，显示金额为0
5. 跳转到借贷信息添加界面，提示保存成功，返回借贷页面，显示金额为0
6. 跳转到借贷信息添加界面，提示保存成功，返回借贷页面，显示金额为0
7. 跳转到借贷信息添加界面，提示经手人不能为空
8. 跳转到借贷信息添加界面，出现时间选择框，时间选择框消失，提示交易时间应当为合法的日期
","","","3","功能测试","","正常","0","1","8","通过","杨凯静","2018-11-30","杨凯静","2018-12-08","2","",""
"10304","然之(#11)","现金记账(#194)","","投资信息删除功能验证","已登录，进入现金记账投资页面，存在账户投资信息","1. 点击删除，确认删除
2. 点击删除，取消删除
","1. 出现是否确认删除选择框，信息删除
2. 出现是否确认删除选择框，信息没有删除
","","","3","功能测试","","正常","0","1","2","通过","杨凯静","2018-11-30","","0000-00-00","1","",""
"10303","然之(#11)","现金记账(#194)","","投资信息明细功能验证","已登录，进入现金记账投资页面，存在账户投资信息交易时间为2018-12-09，账号为asd，交易为投资，金额为￥100，经手人为admin，状态为未赎回，记账时间为2018-12-09","1. 点击明细，点击保存
2. 点击明细，点击+，添加与投资金额相同的金额100，添加说明，点击保存
3. 点击明细，点击×，点击保存
4. 点击明细，点击+，添加与投资信息不同的金额111，点击保存，点击确定
","1. 出现明细编辑框，提示保存成功，返回投资页面信息无变化
2. 出现明细编辑框，提示保存成功，返回投资页面信息有变化
3. 出现明细编辑框，选中明细删除，提示保存成功，返回投资页面信息无变化
4. 出现明细编辑框，提示金额与当前交易金额不相等是否确定，提示保存成功，返回投资页面信息有变化
","","","3","功能测试","","正常","0","1","4","阻塞","杨凯静","2018-11-30","杨凯静","2018-12-09","3","",""
"10302","然之(#11)","现金记账(#194)","","投资信息编辑验证","已登录，记账设置中没有勾选任何权限,进入现金记账投资页面，存在账户投资信息交易时间为2018-12-09，账号为asd，交易为投资，金额为￥100，经手人为admin，状态为未赎回，记账时间为2018-12-09，存在账号asd、123","1. 点击编辑，点击保存
2. 点击编辑，修改账号为123，点击保存
3. 点击编辑，修改金额为空，点击保存
4. 点击编辑，修改金额为一百，点击保存
5. 点击编辑，修改金额为#，点击保存
6. 点击编辑，修改金额为one，点击保存
7. 点击编辑，修改经手人为空，点击保存
8. 点击编辑，修改交易时间为空，点击保存，点击任意空白处
9. 点击编辑，修改交易时间为aaa，点击保存，点击任意空白处
10. 点击编辑，修改交易时间为日期，点击保存，点击任意空白处
","1. 跳转到编辑页面，提示保存成功
2. 跳转到编辑页面，提示保存成功
3. 跳转到编辑页面，提示金额不能为空
4. 跳转到编辑页面，提示保存成功，返回投资页面，金额变为0
5. 跳转到编辑页面，提示保存成功，返回投资页面，金额变为0
6. 跳转到编辑页面，提示保存成功，返回投资页面，金额变为0
7. 跳转到编辑页面，提示经手人不能为空
8. 跳转到编辑页面，出现时间选择框，提示交易时间不能为空
9. 跳转到编辑页面，出现时间选择框，提示交易时间不能为空
10. 跳转到编辑页面，出现时间选择框，提示交易时间不能为空
","","","3","功能测试","","正常","0","2","10","通过","杨凯静","2018-11-30","杨凯静","2018-12-09","4","",""
"10301","然之(#11)","现金记账(#194)","","投资信息查看验证","已登录，进入现金记账投资页面，存在账户投资信息","1. 点击查看
","1. 跳转到详情页面，出现相关信息
","","","3","功能测试","","正常","0","1","1","通过","杨凯静","2018-11-30","","0000-00-00","1","",""
"10300","然之(#11)","现金记账(#194)","","赎回信息添加","已登录，进入现金记账投资页面，存在账户信息交易时间为2018-12-09，账号为asd，交易为投资，金额为￥100，经手人为admin，状态为未赎回，记账时间为2018-12-09；交易时间为2018-12-09，账号为123，交易为投资，金额为￥100，经手人为admin，状态为未赎回，记账时间为2018-12-09","1. 点击赎回，选择账号asd、投资2018-12-09asd投资￥100、金额100、经手人admin，点击保存
2. 点击赎回，选择账号为空，选择投资2018-12-09asd投资￥100、金额100、经手人admin，点击保存
3. 点击赎回，选择账号为空，选择投资一百，金额100、经手人admin，点击保存
4. 点击赎回，选择账号123、不选择投资、金额100、经手人admin，点击保存
5. 点击赎回，选择账号asd、投资2018-12-09asd投资￥100、不填写金额、经手人admin，点击保存
6. 点击赎回，选择账号asd、投资2018-12-09asd投资￥100、填写金额一百、经手人admin，点击保存
7. 点击赎回，点击赎回，选择账号asd、投资2018-12-09asd投资￥100、金额100、不输入经手人，点击保存
","1. 跳转到赎回界面，提示保存成功，返回投资界面，投资信息变为已赎回
2. 跳转到赎回界面，提示账号不能为空
3. 跳转到赎回界面，提示没有匹配的选项一百
4. 跳转到赎回界面，提示投资应当是数字
5. 跳转到赎回界面，提示金额应当是数字
6. 跳转到赎回界面，提示保存成功，跳转回投资页面，投资信息变为赎回中
7. 跳转到赎回界面，提示经手人不能为空
","","","3","功能测试","","正常","0","1","7","通过","杨凯静","2018-11-30","杨凯静","2018-12-09","4","",""
"10299","然之(#11)","现金记账(#194)","","投资信息添加验证","已登录，进入现金记账投资页面，存在账户信息123、asd","1. 点击投资，依次添加账户asd、金额100和经手人admin，点击保存
2. 点击投资，依次添加金额100和经手人admin，不添加账户，点击保存
3. 点击投资，依次添加账户123和经手人admin，不添加金额，点击保存
4. 点击投资，依次添加账户123、金额100，不添加经手人，点击保存
","1. 跳转到投资页面，提示保存成功，返回到投资页面，显示出添加的投资信息
2. 跳转到投资页面，提示账号不能为空
3. 跳转到投资页面，提示金额不能为空
4. 跳转到投资页面，提示经手人不能为空
","","","3","功能测试","","正常","0","1","4","通过","杨凯静","2018-11-30","杨凯静","2018-12-09","3","",""
"10298","然之(#11)","现金记账(#194)","","转账信息删除功能","已登录，进入现金记账转账页面，有已保存的转账信息","1. 点击删除
2. 点击确定
","1. 出现是否确认删除选择操作框
2. 信息被删除
","","","3","功能测试","","正常","0","1","2","通过","杨凯静","2018-11-30","杨凯静","2018-12-09","2","",""
"10297","然之(#11)","现金记账(#194)","","转账信息明细功能","已登录，进入现金记账转账页面，有已保存的转账信息交易时间为2018-12-09，账号为qwe，交易为转入，金额为￥100，经手人为admin，记账日期为2018-12-09
交易时间为2018-12-09，账号为公司，交易为转出，金额为￥100，经手人为admin，记账日期为2018-12-09
		","1. 点击账号为公司明细，点击保存
2. 点击账号为公司明细，点击＋号，添加金额为100，点击保存，点击确定
3. 点击账号为公司明细，点击×号，点击保存
","1. 出现明细编辑框，提示保存成功，返回转账页面，信息无变化
2. 出现明细编辑框，提示明细总金额和当前交易金额不相等，确定保存当前明细吗，提示保存成功，返回转账页面，信息无变化
3. 出现明细编辑框，提示保存成功，信息有变化
","","","3","功能测试","","正常","0","1","3","通过","杨凯静","2018-11-30","杨凯静","2018-12-09","2","",""
"10296","然之(#11)","现金记账(#194)","","转账信息编辑功能","已登录，进入现金记账转账页面，有已保存的转账信息","1. 点击编辑，对账号、金额、经手人、时任意一项进行修改，点击保存
2. 点击编辑，不进行修改，点击保存
","1. 跳转到编辑账目节目界面提示保存成功，信息改变
2. 跳转到编辑账目节目界面提示保存成功，信息不改变
","","","3","功能测试","","正常","0","1","2","通过","杨凯静","2018-11-30","","0000-00-00","1","",""
"10295","然之(#11)","现金记账(#194)","","转账信息查看功能","已登录，进入现金记账转账页面，有已保存的转账信息","1. 点击查看
2. 点击返回
","1. 跳转到详情页面，显示信息的基本信息和历史记录
2. 返回到转账页面
","","","3","功能测试","","正常","0","1","2","通过","杨凯静","2018-11-30","","0000-00-00","1","",""
"10294","然之(#11)","现金记账(#194)","","时间不同的转账信息添加验证","已登录，进入现金记账转账页面，有已保存的转账信息交易时间为2018-12-09，账号为qwe，交易为转入，金额为￥100，经手人为admin，记账日期为2018-12-09，交易时间为2018-12-09，账号为公司，交易为转出，金额为￥100，经手人为admin，记账日期为2018-12-09
		","1. 点击转账
2. 输入与已保存转账信息除时间外完全相同转账的信息
3. 点击保存
","1. 跳转到添加转账信息页面
2. 
3. 提示保存成功，返回转账页面，转账页面出现添加的转账信息
","","","3","功能测试","","正常","0","1","3","通过","杨凯静","2018-11-30","杨凯静","2018-12-09","2","",""
"10293","然之(#11)","现金记账(#194)","","转账信息添加验证","已登录，进入现金记账转账页面，有账户信息qwe、公司、123，有经手人信息admin
		","1. 点击转账，输入不同的付款账户qwe和收款账户123，输入金额111，输入经手人admin，时间2018-12-09，点击保存
2. 点击转账，输入相同的付款账户和收款账户123，输入金额100，输入经手人admin，时间2018-12-09，点击保存
3. 点击转账，输入相同的付款账户和收款账户123，输入金额一百，输入经手人admin，时间2018-12-09，点击保存
4. 点击转账，输入不同的付款账户123和收款账户公司，输入输入经手人admin，不输入金额，时间2018-12-09，点击保存
5. 点击转账，输入不同的付款账户qwe和收款账户公司，输入金额，时间，点击保存
6. 点击转账，输入不同的付款账户qwe和收款账户123，输入金额111，输入经手人admin，时间二零一八，点击保存，点击任意空白处
","1. 出现转账操作页面，提示保存成功，返回转账页面，转账页面出现添加的转账信息
2. 出现转账操作页面，提示付款账号不能与收款账号相同
3. 出现转账操作页面，提示保存成功，返回转账页面，转账页面出现添加的转账信息，金额为0
4. 出现转账操作页面，提示金额不能为空
5. 出现转账操作页面，提示经手人不能为空
6. 出现转账操作页面，出现时间选择框，提示交易时间应当为合法的日期
","","","3","功能测试","","正常","0","1","6","通过","杨凯静","2018-11-30","杨凯静","2018-12-09","2","",""
"10292","然之(#11)","现金记账(#194)","","导出功能验证","已登录，进入现金记账页面","1. 点击菜单栏里面的收入、支出、转账、投资、借贷其中任意一个，点击导出，选择导出本页记录或者全部记录任意一个，输入导出文件名，格式为GBK，点击保存
2. 点击菜单栏里面的收入、支出、转账、投资、借贷其中任意一个，点击导出，选择导出本页记录或者全部记录任意一个，不输入导出文件名，格式为GBK，点击保存
","1. 跳转到对应菜单页面，成功导出文件
2. 跳转到对应菜单页面，成功导出文件
","","","3","功能测试","","正常","0","1","2","通过","杨凯静","2018-11-30","杨凯静","2018-11-30","1","",""
"10003","然之(#11)","现金记账(#194)","","批量编辑功能验证","已登录，进入现金记账收入页面，收入页面有收入信息存在","1. 勾选想要编辑的收入信息
2. 点击编辑
3. 进行部分信息的修改
4. 点击保存
","1. 出现批量编辑页面
2. 
3. 提示保存成功
4. 
","","","3","功能测试","","正常","0","1","4","通过","杨凯静","2018-11-28","杨凯静","2018-11-28","1","",""
"10002","然之(#11)","现金记账(#194)","","批量记账功能验证","已登录，进入现金记账收入页面","1. 点击批量记账
2. 创建10条收入信息
3. 点击保存
","1. 出现批量记账页面
2. 
3. 收入信息页面出现添加信息
","","","3","功能测试","","正常","0","1","3","通过","杨凯静","2018-11-28","","0000-00-00","1","",""
"10001","然之(#11)","现金记账(#194)","","收入信息删除验证","已登录，进入现金记账收入页面，有收入信息","1. 点击收入信息的删除操作
2. 确认删除
","1. 出现是否确认删除选择
2. 提示删除成功
","","","3","功能测试","","正常","0","1","2","通过","杨凯静","2018-11-28","杨凯静","2018-12-04","2","",""
"10000","然之(#11)","现金记账(#194)","","收入信息明细操作验证","已登录，进入现金记账收入页面，有收入信息交易时间为2018-11-28，账号为易软天创中信对公账号，交易为收入，金额为￥222，经手人为admin	","1. 点击收入信息的明细操作，输入金额222，输入说明收入222，点击保存

2. 点击收入信息的明细操作，输入金额100，输入说明收入100，点击保存，点击确定
3. 点击收入信息的明细操作，点击金额为222的明细旁边的×，点击保存
4. 点击收入信息的明细操作，点击+，输入金额122，输入说明收入100，点击保存
","1. 出现明细编辑界面，提示保存成功
2. 出现明细编辑界面，提示金额与当前交易金额不相等是否确定，提示保存成功，返回收入页面信息无变化
3. 出现明细编辑界面，删除成功，提示保存成功
4. 出现明细编辑界面，提示保存成功，返回收入页面信息无变化
","","","3","功能测试","","正常","0","1","4","通过","杨凯静","2018-11-28","杨凯静","2018-12-09","4","",""
"9999","然之(#11)","现金记账(#194)","","收入信息编辑操作验证","已登录，进入现金记账收入页面，有收入信息","1. 点击收入信息的编辑操作,对客户、金额、经手人、交易时间任意一项进行修改,点击保存
2. 点击收入信息的编辑操作,对金额修改为英文或拼音,点击保存
","1. 出现编辑页面,提示保存成功
2. 出现编辑页面,提示保存成功
","","","3","功能测试","","正常","0","1","2","通过","杨凯静","2018-11-28","杨凯静","2018-12-04","2","",""
"9998","然之(#11)","现金记账(#194)","","收入信息查看操作验证","已登录，进入现金记账收入页面，有收入信息","1. 点击收入信息的查看操作
","1. 出现账目详情信息
","","","3","功能测试","","正常","0","1","1","通过","杨凯静","2018-11-28","","0000-00-00","1","",""
"9997","然之(#11)","现金记账(#194)","","添加收入功能验证","已登录，进入现金记账收入页面，设置的权限设置没有勾选任何选项，有账户123、qwe","1. 点击计收入，输入账号123、金额1000、经手人admin、交易时间信息2018-12-09，点击保存
2. 点击计收入，不输入账号，金额2000、经手人admin、交易时间信息2018-12-09，点击保存
3. 点击计收入，输入账号qwe、经手人admin、交易时间信息2018-12-09，不输入金额，点击保存
4. 点击计收入，输入账号qwe、金额1000、交易时间信息2018-12-09，不输入经手人，点击保存
5. 点击计收入，输入账号qwe、金额1000、经手人admin，不输入交易时间信息，点击保存
","1. 出现添加收入页面，提示保存成功，收入显示栏出现收入记录
2. 出现添加收入页面，提示账号不能为空。;账号应当是数字
3. 出现添加收入页面，提示金额不能为空
4. 出现添加收入页面，提示经手人不能为空
5. 出现添加收入页面，提示交易时间不能为空
","1. 
2. 
3. 
4. 
5. 
","","3","功能测试","","正常","1","1","5","失败","杨凯静","2018-11-28","杨凯静","2018-12-09","2","",""
"9996","然之(#11)","现金记账(#194)","","登记余额功能验证","已登录，进入现金记账账户页面，账号页面正常账号存在账户123、qwe，进入账户123余额信息界面","1. 点击登记余额，输入金额100，点击保存
2. 点击登记余额，更改账号为qwe，输入金额，点击保存
","1. 跳转到登记余额界面，提示保存成功，返回账户余额界面，出现添加信息
2. 跳转到登记余额界面，提示保存成功，返回账户余额界面，更改前的账户123账户余额信息页面没有变化
","","","3","功能测试","","正常","0","2","2","通过","杨凯静","2018-11-28","杨凯静","2018-12-09","2","",""
"9995","然之(#11)","现金记账(#194)","","账户余额删除功能验证","已登录，进入现金记账账户页面，账号页面正常账号存在账户，进入账户余额信息界面","1. 点击删除
2. 点击确定
","1. 出现是否确认删除选择框
2. 提示删除成功
","","","3","功能测试","","正常","0","1","2","通过","杨凯静","2018-11-28","","0000-00-00","1","",""
"9994","然之(#11)","现金记账(#194)","","账户余额编辑功能验证","已登录，进入现金记账账户页面，账号页面正常账号存在账户123、qwe，进入账户123的余额信息界面","1. 点击账编辑，不修改账号，点击保存
2. 点击编辑，修改账号为qwe，点击保存
","1. 提示保存成功，账户信息无变化
2. 提示保存成功，修改的余额信息从此账号123上消失
","1. 
2. 
","","3","功能测试","","正常","1","1","2","失败","杨凯静","2018-11-28","杨凯静","2018-12-09","4","",""
"9993","然之(#11)","现金记账(#194)","","账户余额查询验证","已登录，进入现金记账账户页面，账号页面正常账号存在账户","1. 点击任意一个账号的余额操作
","1. 出现账户余额信息
","","","3","功能测试","","正常","0","1","1","通过","杨凯静","2018-11-28","","0000-00-00","1","",""
"9992","然之(#11)","现金记账(#194)","","正常账号与禁用账号多次切换操作验证","已登录，进入现金记账账户页面","1. 点击浏览账号的正常账号
2. 再点击禁用账号
3. 切换10次
","1. 跳转到正常账号页面
2. 切换到禁用账号页面
3. 两个页面可以随着切换而正常跳转
","","","3","功能测试","","正常","0","1","3","阻塞","杨凯静","2018-11-28","杨凯静","2018-12-04","3","",""
"9991","然之(#11)","现金记账(#194)","","账户页面删除操作验证","已登录，进入现金记账账户页面，账号页面正常账号存在有收入支出转账投资借贷任意交易记录和没有交易记录账户","1. 点击正常账号的任意一个没有交易记录账号的删除操作，确认删除
2. 点击正常账号的任意一个有交易记录账号的删除操作，确认删除
","1. 账号成功删除
2. 提示不能删除
","1. 
2. 有登记余额和计算余额的能够成功删除
","","3","功能测试","","正常","1","1","2","失败","杨凯静","2018-11-28","杨凯静","2018-12-04","1","",""
"9990","然之(#11)","现金记账(#194)","","账户页面激活操作功能验证","已登录，进入现金记账账户页面，账号页面禁用账号存在账户123","1. 点击禁用账号123账号的激活操作
2. 填写备注信息激活123，点击保存
","1. 出现激活备注框
2. 提示保存成功，返回正常账号页面，账号转移到正常账号页面
","1. 
2. 
","","3","功能测试","","正常","1","1","2","失败","杨凯静","2018-11-28","杨凯静","2018-12-09","3","",""
"9989","然之(#11)","现金记账(#194)","","账户页面禁用操作功能验证","已登录，进入现金记账账户页面，账号页面正常账号存在账户123","1. 点击正常账号页面123账号的禁用操作
2. 填写对应的备注信息禁用123
3. 点击保存
4. 点击禁用账号
","1. 出现备注操作框
2. 显示备注信息禁用123
3. 提示保存成功，返回正常账号页面，账号从正常账号浏览页面消失
4. 账号出现在禁用账号页面
","1. 
2. 
3. 
4. 
","","3","功能测试","","正常","1","1","4","失败","杨凯静","2018-11-28","杨凯静","2018-12-09","3","",""
"9988","然之(#11)","现金记账(#194)","","账户页面对账功能跳转验证","已登录，进入现金记账账户页面，账号页面存在账户","1. 点击任意一个账号的对账
","1. 成功跳转到现金记账的对账页面
","","","3","功能测试","","正常","0","1","1","通过","杨凯静","2018-11-28","","0000-00-00","1","",""
"9987","然之(#11)","现金记账(#194)","","账号编辑功能验证","已登录，进入现金记账账户页面，账号页面存在账户123，类型为现金账号","1. 点击123账号的编辑，点击修改类型，点击保存
2. 点击任意一个账号的编辑，点击修改简称为账户123，点击保存
3. 点击任意一个账号的编辑，点击修改货币类型，点击保存
","1. 出现编辑窗口，不能修改类型，提示保存成功，返回账户页面

2. 出现编辑窗口，提示保存成功，返回账户页面，变为账户123
3. 出现编辑窗口，不能修改货币类型，提示保存成功，返回账户页面
","","","3","功能测试","","正常","0","1","3","通过","杨凯静","2018-11-28","杨凯静","2018-12-09","3","",""
"9986","然之(#11)","现金记账(#194)","","账号导出功能验证","已登录，进入现金记账账户页面","1. 点击导出，给文件命名为账户导出表1，选择编码方式GBK，点击导出
2. 点击导出，给文件命名账户导出表2，选择编码方式UTF-8，点击导出
3. 点击导出，给文件命名为#，选择编码方式GBK，点击导出
4. 点击导出，不给文件命名，选择编码方式为GBK，点击导出
5. .点击导出，给文件命名空格” ”，选择任意一个编码方式，点击导出
","1. 出现文件导出操作窗口，文件成功导出
2. 出现文件导出操作窗口，文件成功导出
3. 出现文件导出操作窗口，文件成功导出
4. 出现文件导出操作窗口，文件成功导出
5. 出现文件导出操作窗口.文件成功导出
","1. 
2. 
3. 
4. 
5. 
","","3","功能测试","","正常","1","1","5","失败","杨凯静","2018-11-28","杨凯静","2018-12-09","4","",""
"9985","然之(#11)","现金记账(#194)","","添加账号信息不全验证","已登录，进入现金记账账户页面","1. 点击添加账号，设置类型现金账号、简称123和货币类型人民币，点击保存
2. 点击添加账号，设置简称123和货币类型人民币，点击保存
3. 点击添加账号，设置类型借记卡，设置货币类型为人民币，点击保存
4. 点击添加账号，设置类型在线支付、简称123，点击保存
","1. 出现添加账号操作框，提示保存成功，账号的浏览管理界面出现所添加账号123
2. 出现添加账号操作框，账号类型存在默认类型，不能为空，，账号的浏览管理界面出现所添加账号
3. 出现添加账号操作框，提示简称不能为空
4. 出现添加账号操作框，货币类型存在默认类型，不能为空，，账号的浏览管理界面出现所添加账号
","1. 
2. 
3. 
4. 
","","3","功能测试","","正常","1","1","4","失败","杨凯静","2018-11-28","杨凯静","2018-12-09","3","",""
"9984","然之(#11)","现金记账(#194)","","记账设置权限验证","已登录，进入现金记账设置页面，点击记账设置","1. 不勾选任意一个权限，点击保存                                                                                                                                                                                                                                                                                                                                                                                                                                                                                                                                                                                                              
2. 勾选其中任意一个权限
3. 勾选全部权限
","1. 提示保存成功                                                                                                                                                                                                                                                                                                                                                                                                                                                                                                                                                                                                                                                                  
2. 提示保存成功        
3. 提示保存成功
","","","3","功能测试","","正常","0","1","3","通过","杨凯静","2018-11-28","杨凯静","2018-11-28","2","",""
"9983","然之(#11)","现金记账(#194)","","支出浏览权限设置验证","已登录，进入现金记账设置页面，点击支出浏览权限设置","1. 不勾选任意一个权限，点击保存                                                                                                                                                                                                                                                                                                                               
2. 勾选其中任意一个权限，点击保存
","1. 提示保存成功                                                                                                                                                                                                                                                                                                                                                         
2. 提示保存成功
","","","3","功能测试","","正常","0","2","2","通过","杨凯静","2018-11-28","杨凯静","2018-11-28","2","",""
"9982","然之(#11)","现金记账(#194)","","模板删除功能验证","已登录，进入现金记账设置页面，点击进入导入模板设置，导入记账模板上有已经导入的模板建设银行","1. 点击模板的删除选择
2. 确认删除
","1. 出现是否确认删除操作
2. 删除成功，导入记账模板删除所选模板
","","","3","功能测试","","正常","0","1","2","通过","杨凯静","2018-11-28","杨凯静","2018-12-09","3","",""
"9981","然之(#11)","现金记账(#194)","","模板编辑更改模板信息功能验证","已登录，进入现金记账设置页面，点击进入导入模板设置，导入记账模板有已经添加的模板，模板的所有选择框均已被填写，分别为template1、A、B、C、D、E、F、G、H、I","1. 点击编辑，修改模板名称为空，点击保存
2. 点击编辑，修改模板名称为特殊符号#，点击保存
3. 点击编辑，修改模板名称为英文template，点击保存
4. 点击编辑，修改模板名称为数字123，点击保存
5. 点击编辑，修改商户为空，点击保存
6. 点击编辑，修改商户为空，点击保存
7. 点击编辑，修改商户为小写字母a，点击保存
8. 点击编辑，修改商户为数字12，点击保存
9. 点击编辑，修改商户为汉字商户，点击保存
10. 点击编辑，修改金额为空，点击保存
11. 点击编辑，修改金额为汉字一百，点击保存
12. 点击编辑，修改金额为英文money，点击保存
13. 点击编辑，修改金额为特殊字符#，点击保存
14. 点击编辑，选中金额的收支分列，添加支出为E和收入为F，点击保存
15. 点击编辑，修改交易为空，点击保存
16. 点击编辑，修改交易为英文type，点击保存
17. 点击编辑，修改交易为汉字交易，点击保存
18. 点击编辑，修改交易为数字1，点击保存
19. 点击编辑，修改交易为特殊符号&，点击保存
20. 点击编辑，修改交易时间为空，点击保存 
21. 点击编辑，修改交易时间为英文data，点击保存 
22. 点击编辑，修改交易时间为具体日期2018-9-10，点击保存 
23. 点击编辑，修改交易时间为汉字日期，点击保存 
24. 点击编辑，修改交易时间为数字12，点击保存 
","1. 提示模板名称不能为空
2. 提示保存成功，返回导入模板设置页面，模板名称改为#
3. 提示保存成功，返回导入模板设置页面，模板名称改为template
4. 提示保存成功，返回导入模板设置页面，模板名称改为123
5. 提示trader不能为空                      
6. 提示保存成功，返回导入模板设置页面
7. 提示保存成功，返回导入模板设置页面
8. 提示保存成功，返回导入模板设置页面
9. 提示保存成功，返回导入模板设置页面
10. 提示money不能为空   
11. 提示保存成功，返回导入模板设置页面
12. 提示保存成功，返回导入模板设置页面
13. 提示保存成功，返回导入模板设置页面
14. 交易成为不可修改项，提示保存成功，返回导入模板设置页面
15. 提示type不能为空
16. 提示保存成功，返回导入模板设置页面
17. 提示保存成功，返回导入模板设置页面
18. 提示保存成功，返回导入模板设置页面
19. 提示保存成功，返回导入模板设置页面
20. 提示data不能为空
21. 提示保存成功，返回导入模板设置页面
22. 提示保存成功，返回导入模板设置页面
23. 提示保存成功，返回导入模板设置页面
24. 提示保存成功，返回导入模板设置页面
","1. 
2. 
3. 
4. 
5. 
6. 
7. 
8. 
9. 
10. 
11. 
12. 
13. 
14. 
15. 
16. 
17. 
18. 
19. 
20. 
21. 
22. 
23. 
24. 
","","3","功能测试","","正常","1","1","24","失败","杨凯静","2018-11-28","杨凯静","2018-12-05","5","",""
"9979","然之(#11)","现金记账(#194)","","查看模板功能验证","已登录，进入现金记账设置页面，点击进入导入模板设置，导入记账模板有添加的模板","1. 点击其中任意一个模板的查看模板
","1. 显示出对应模板的信息
","","","3","功能测试","","正常","0","1","1","通过","杨凯静","2018-11-28","","0000-00-00","1","",""
"9978","然之(#11)","现金记账(#194)","","创建模板的对应项目不选择验证","已登录，进入现金记账设置页面，点击进入导入模板设置","1. 点击创建模板
2. 点击选择文件
3. 选择template1.csv文件
4. 选择编码方式为GBK
5. 点击保存
6. 不在选择对应项目输入框选择对应的项目
7. 点击保存
","1. 出现创建模板框
2. 出现选择文件位置的窗口
3. 创建模板框显示选择的文件template1.csv
4. 创建模板框显示选择编码方式GBK
5. 跳转到创建模板页面
6. 
7. 提示保存成功
","","","3","功能测试","","正常","0","1","7","阻塞","杨凯静","2018-11-28","杨凯静","2018-12-05","4","",""
"9977","然之(#11)","现金记账(#194)","","创建模板的重名模板验证","已登录，进入现金记账设置页面，点击进入导入模板设置，已经存在模板template1","1. 点击创建模板
2. 点击选择文件
3. 选择一个template1.csv文件
4. 选择编码方式为GBK
5. 点击保存
6. 模板名称命名为template1
7. 选择对应的项目交易类型
8. 点击保存
","1. 出现创建模板框
2. 出现选择模板未知文件夹
3. 模板文件显示template1.csv
4. 编码显示GBK
5. 跳转到创建模板页面
6. 显示模板名称为template1
7. 输入框显示交易类型
8. 提示保存成功，导入记账模板出现两个重名模板
","","","3","功能测试","","正常","0","1","8","通过","杨凯静","2018-11-28","杨凯静","2018-12-05","2","",""
"9976","然之(#11)","现金记账(#194)","","创建模板的模板文件格式验证","已登录，进入现金记账设置页面，点击进入导入模板设置","1. 点击创建模板，点击选择文件，选择template1.csv文件，编码方式为GBK，点击保存，选择对应的项目为交易类型，点击保存                                                                                                                                                                                                                                            
2. 点击创建模板，点击选择文件，选择template1.txt文件，编码方式为GBK，点击保存，选择对应的项目选择对应的项目为交易类型，点击保存
3. 点击创建模板，点击选择文件，选择template1.docx文件，编码方式为GBK，点击保存，选择对应的项目选择对应的项目为交易类型，点击保存
4. 点击创建模板，点击选择文件，选择template1.xlsx文件，编码方式为GBK，点击保存，选择对应的项目选择对应的项目为交易类型，点击保存
5. 点击创建模板，不点击选择文件，编码方式为GBK，点击保存，选择对应的项目选择对应的项目为交易类型，点击保存
","1. 出现创建模板操作框，显示模板文件为emplate1.csv,显示编码方式为GBK，跳转到创建模板页面，提示保存成功                                                                                                                                                                                                                                                                                                                                                                                                                                                                                                                                                                                                                              
2. 出现创建模板操作框，显示编码方式为GBK，，提示文件格式不正确   
3. 出现创建模板操作框，显示编码方式为GBK，，提示文件格式不正确   
4. 出现创建模板操作框，显示编码方式为GBK，，提示文件格式不正确  
5. 出现创建模板操作框，显示编码方式为GBK，提示未选择任何文件
","1. 
2. 
3. 
4. 
5. 
","","3","功能测试","","正常","1","1","5","失败","杨凯静","2018-11-28","杨凯静","2018-12-05","3","",""
"9975","然之(#11)","现金记账(#194)","","主要货币功能验证","已登录，进入现金记账设置页面","1. 点击货币类型
2. 勾选三个货币选项人民币、美元、港元
3. 选择主要货币为空
4. 点击保存
","1. 出现货币设置页面
2. 主要货币下拉菜单为勾选的货币类型人民币、美元、港元
3. 显示主要货币为空
4. 提示主要货币不能为空
","","","3","功能测试","","正常","0","1","4","通过","杨凯静","2018-11-28","杨凯静","2018-12-05","2","",""
"9974","然之(#11)","现金记账(#194)","","货币设置勾选数量功能验证","已登录，进入现金记账设置页面","1. 点击货币类型，勾选所有货币选项，选择其中任意一项为主要货币，点击保存                                                                                                                                                                                                                                                                                                                                                                                                                                           
2. 点击货币类型，勾选任意两个货币选项，选择任意一项为主要货币，点击保存   
3. 点击货币类型，不勾选货币选项，选择一项为主要货币，点击保存
","1. 主要货币下拉菜单选择为勾选的所有货币类型，显示保存成功                                                                                                                                                                                                                                                                                                                                                                                                                                                                                                                                                                                                                                                                                                              
2. 主要货币下拉菜单选项为勾选的两个货币类型，显示保存成功
3. 主要货币下拉菜单为空，提示主要货币不能为空
","","","3","功能测试","","正常","1","2","3","通过","杨凯静","2018-11-28","杨凯静","2018-12-05","3","",""
"9973","然之(#11)","现金记账(#194)","","支出科目合并功能验证","已登录，进入现金记账设置页面，进入支出科目页面支出科目栏下有多个科目名","1. 点击合并科目
2. 在合并栏中点击源科目选择要合并的科目名
3. 点击目标科目选择合并后的科目名称
4. 点击保存
","1. 出现合并科目操作框

2. 源科目中显示要合并的科目名
3. 目标科目显示选定的合并后的科目名
4. 提示保存成功，支出科目栏显示合并后的科目名称
","","","3","功能测试","","正常","0","1","4","通过","杨凯静","2018-11-28","杨凯静","2018-11-28","2","",""
"9972","然之(#11)","现金记账(#194)","","支出科目删除功能验证","已登录，进入现金记账设置页面，进入支出科目页面","1. 点击除了默认支出科目之外的任意一个科目名，点击删除，在弹出的选择框点击确认删除                                                                                                                                                                                                                                  
2. 点击任意一个默认支出科目的删除，再确认删除
","1. 支出科目栏下没有了对应的科目名                   
2. 无法点击删除选项
","1. 
2. 
","","3","功能测试","","正常","1","1","2","失败","杨凯静","2018-11-28","杨凯静","2018-12-06","3","",""
"9971","然之(#11)","现金记账(#194)","","支出科目添加功能验证","已登录，进入现金记账设置页面","1. 点击支出科目输入框
2. 输入科目名理财盈利
3. 点击保存
","1. 支出科目输入框可以进行输入
2. 
3. 提示保存成功，支出科目栏显示出所添加科目名理财盈利
","","","3","功能测试","","正常","0","1","3","通过","杨凯静","2018-11-28","杨凯静","2018-12-06","3","",""
"9970","然之(#11)","现金记账(#194)","","收入科目删除功能","已登录，进入现金记账设置页面，收入科目栏下有除主营业务收入和非主营业务收入之外的科目名理财盈利、其他业务收入","1. 点击除了默认科目主营业务收入和非主营业务收入之外的任意一个科目名，点击删除，在弹出的选择框点击确认删除                                                                                                                                                                                                                                  
2. 点击主营业务收入的删除，再确认删除
","1. 提示是否确认删除，收入科目栏下没有了对应的科目名
2. 主营业务收入删除无法点击，无法删除
","1. 
2. 
","","3","功能测试","","正常","1","2","2","失败","杨凯静","2018-11-28","杨凯静","2018-12-06","3","",""
"9969","然之(#11)","现金记账(#194)","","收入科目添加子科目功能","已登录，进入现金记账设置页面，收入科目栏下有科目名其他业务收入","1. 点击其他业务收入右边的子科目
2. 在子科目添加栏中输入子科目名其他业务收入1
3. 点击保存
4. 点击其他业务收入左边>
","1. 出现子科目添加框
2. 显示输入的子科目名其他业务收入1
3. 提示保存成功，其他业务收入左边出现>
4. 在对应的其他业务收入科目下现子科目名
","1. 
2. 
3. 
4. 
","","3","功能测试","","正常","1","1","4","失败","杨凯静","2018-11-28","杨凯静","2018-12-06","2","",""
"9968","然之(#11)","现金记账(#194)","","收入科目编辑功能","已登录，进入现金记账设置页面，收入科目栏下有多个科目名主营业务收入、非主营业务收入、理财盈利、其他业务收入","1. 点击任意一个科目名右边的编辑
2. 在描述中添加描述
3. 点击保存
","1. 出现收入科目编辑框
2. 
3. 提示保存成功
","","","3","功能测试","","正常","0","1","3","通过","杨凯静","2018-11-28","杨凯静","2018-12-06","1","",""
"9967","然之(#11)","现金记账(#194)","","收入科目合并功能验证","已登录，进入现金记账设置页面，收入科目栏下有多个科目名主营业务收入、非主营业务收入、理财盈利、其他业务收入、理财收入","1. 点击合并科目
2. 在合并栏中点击源科目选择要合并的科目名理财收入
3. 点击目标科目选择合并后的科目名称理财盈利
4. 点击保存
","1. 出现合并科目操作框
2. 源科目显示选择科目名称理财收入
3. 目标科目显示选择科目名称理财盈利
4. 提示保存成功，收入科目栏显示合并后的科目名称理财盈利
","1. 
2. 
3. 
4. 
","","3","功能测试","","正常","0","1","4","失败","杨凯静","2018-11-28","杨凯静","2018-12-06","2","",""
"9966","然之(#11)","现金记账(#194)","","收入科目输入框已输入保存后的内容修改验证","已登录，已进入现金记账设置页面，已添加过收入科目名投资收入1","1. 点击添加科目输入框中已经保存过的收入科名称为投资收入1的输入框
2. 进行修改名字为投资收入
3. 点击保存
","1. 
2. 
3. 提示保存成功，收入科目栏下方已经添加的科目名改变为投资收入
","","","3","功能测试","","正常","0","2","3","通过","杨凯静","2018-11-28","杨凯静","2018-12-06","4","",""
"9965","然之(#11)","现金记账(#194)","","tab与enter组合添加收入科目验证","已登录，已进入现金记账设置页面","1. 多次按下tab键使光标到达收入科目输入框
2. 输入收入科目名理财盈利
3. 按下enter键
","1. 非主营业务收入框的输入框下第一个输入框变亮
2. 输入框显示理财盈利
3. 提示保存成功,收入科目栏下方出现所添加科目名理财盈利
","1. 
2. 
3. 
","","3","功能测试","","正常","0","1","3","失败","杨凯静","2018-11-28","杨凯静","2018-12-06","3","",""
"9964","然之(#11)","现金记账(#194)","","收入科目同时添加相同科目功能验证","已登录，已进入现金记账设置页面，收入科目栏下有主营业务收入、非主营业务收入，理财盈利，没有其他收入","1. 点击收入科目输入框
2. 输入不存在于收入科目栏下方的收入科目名字其他收入
3. 再次点击输入框，输入相同名字其他收入
4. 点击保存
.
","1. 科目输入框可进行输入
2. 输入框显示输入的名字其他收入
3. 输入框显示输入的名字其他收入
4.  提示保存成功，收入科目下方出现两个其他收入
","","","3","功能测试","","正常","0","1","4","阻塞","杨凯静","2018-11-28","杨凯静","2018-12-06","3","",""
"9963","然之(#11)","现金记账(#194)","","收入科目添加已有科目功能验证","已登录，已进入现金记账设置页面，已经存在某个收入科目理财盈利","1. 点击收入科目输入框
2. 输入已经存在的收入科目名字理财盈利
3. 点击保存
","1. 输入框可进行输入
2. 输入框显示输入的理财盈利
3. 提示保存成功，收入科目下方出现两个理财盈利
","","","3","功能测试","","正常","0","1","3","通过","杨凯静","2018-11-28","杨凯静","2018-12-06","4","",""
"9962","然之(#11)","现金记账(#194)","","添加多个收入科目功能验证","已登录，已进入现金记账设置页面，收入科目可输入框数量大于三","1. 点击收入科目输入框
2. 输入科目名                                                                                                                                                                                                                                                                                                                                                                                                                                                                                                                                                                                                                                                            
3. 重复上述两个操作2次 
4. 点击保存
","1. 输入框可进行输入
2. 
3. 
4. 提示保存成功，收入科目栏下方出现所添加科目
","","","3","功能测试","","正常","0","1","4","通过","杨凯静","2018-11-28","杨凯静","2018-11-28","2","",""
"9961","然之(#11)","现金记账(#194)","","添加单个收入科目功能验证","已登录，已进入现金记账设置页面","1. 点击收入科目输入框，输入中文添加科目名，点击保存
2. 点击收入科目输入框，输入英文添加科目名点击保存                                                                                                                                                                                                                                                                                                                                                                                                                                                                                   
3. 点击收入科目输入框，输入含有特殊字符的添加科目名，点击保存 
4. 点击收入科目输入框输入空格”  ”，点击保存
","1. 提示保存成功，收入科目栏下方出现所添加中文科目
2. 提示保存成功，收入科目栏下方出现英文添加科目
3. 提示保存成功，收入科目栏下方出现所添加科目       
4. 提示不能为空
","1. 
2. 
3. 
4. 提示保存成功，，收入科目栏下方出现所添加科目
","","3","功能测试","","正常","2","2","4","失败","杨凯静","2018-11-28","杨凯静","2018-11-28","2","",""
